timestamp,downloads
2026-06-20T15:41:19Z,1508
2026-06-20T17:18:18Z,1509
2026-06-20T19:13:41Z,1511
2026-06-20T21:08:02Z,1516
2026-06-20T23:00:20Z,1518
2026-06-21T02:56:54Z,1524
2026-06-21T07:58:35Z,1528
2026-06-21T11:17:42Z,1537
2026-06-21T13:52:29Z,1544
2026-06-21T15:46:57Z,1547
2026-06-21T17:21:31Z,1548
2026-06-21T19:19:33Z,1550
2026-06-21T21:07:00Z,1552
2026-06-21T23:04:11Z,1552
2026-06-22T02:59:30Z,1555
2026-06-22T09:15:17Z,1563
2026-06-22T15:14:50Z,1565
2026-06-22T19:19:33Z,1571
2026-06-22T21:56:37Z,1574
2026-06-22T23:16:40Z,1577
2026-06-23T02:34:35Z,1581
2026-06-23T06:42:31Z,1584
2026-06-23T10:30:49Z,1588
2026-06-23T13:38:55Z,1590
2026-06-23T16:23:13Z,1593
2026-06-23T19:06:00Z,1597
2026-06-23T21:25:51Z,1600
2026-06-23T23:02:07Z,1601
2026-06-24T02:35:13Z,1608
2026-06-24T06:39:24Z,1611
2026-06-24T10:15:39Z,1614
2026-06-24T13:13:31Z,1619
2026-06-24T16:11:41Z,1623
2026-06-24T18:28:36Z,1626
2026-06-24T20:29:39Z,1632
2026-06-24T22:10:30Z,1633
2026-06-25T00:01:26Z,1638
2026-06-25T04:58:23Z,1643
2026-06-25T08:24:03Z,1647
2026-06-25T11:34:10Z,1654
2026-06-25T14:08:56Z,1658
2026-06-25T17:05:42Z,1664
2026-06-25T19:48:15Z,1668
2026-06-25T21:24:46Z,1670
2026-06-25T23:10:33Z,1672
2026-06-26T02:39:26Z,1677
2026-06-26T06:47:32Z,1678
2026-06-26T10:17:05Z,1683
2026-06-26T13:05:34Z,1692
2026-06-26T16:09:38Z,1694
2026-06-26T18:25:18Z,1698
2026-06-26T20:28:53Z,1701
2026-06-26T22:05:29Z,1703
2026-06-26T23:57:46Z,1705
2026-06-27T03:28:07Z,1707
2026-06-27T06:47:30Z,1710
2026-06-27T09:24:45Z,1712
2026-06-27T11:22:28Z,1716
2026-06-27T13:17:01Z,1716
2026-06-27T15:10:10Z,1719
2026-06-27T17:01:01Z,1725
2026-06-27T19:07:21Z,1729
2026-06-27T20:53:04Z,1733
2026-06-27T21:57:03Z,1734
2026-06-27T23:00:12Z,1737
2026-06-28T02:44:45Z,1738
2026-06-28T06:57:17Z,1744
2026-06-28T09:56:39Z,1747
2026-06-28T11:45:21Z,1749
2026-06-28T13:21:30Z,1750
2026-06-28T15:13:06Z,1751
2026-06-28T17:01:37Z,1752
2026-06-28T19:06:33Z,1756
2026-06-28T20:53:53Z,1758
2026-06-28T21:56:42Z,1759
2026-06-28T22:59:44Z,1760
2026-06-29T00:13:12Z,1761
2026-06-29T05:25:08Z,1766
2026-06-29T10:27:59Z,1771
2026-06-29T14:43:46Z,1774
2026-06-29T17:30:14Z,1777
2026-06-29T19:46:37Z,1779
2026-06-29T21:18:54Z,1782
2026-06-29T22:49:26Z,1786
2026-06-29T23:56:33Z,1786
2026-06-30T02:58:10Z,1790
2026-06-30T06:56:47Z,1792
2026-06-30T10:30:09Z,1798
2026-06-30T13:05:58Z,1800
2026-06-30T16:22:42Z,1807
2026-06-30T18:51:21Z,1809
2026-06-30T20:52:53Z,1812
2026-06-30T22:11:08Z,1814
2026-07-01T00:01:13Z,910
2026-07-01T05:16:24Z,1818
2026-07-01T09:32:50Z,1825
2026-07-01T12:28:32Z,1826
2026-07-01T15:36:00Z,1830
2026-07-01T17:47:49Z,1833
2026-07-01T19:42:41Z,1836
2026-07-01T21:20:36Z,1841
2026-07-01T23:05:45Z,1842
2026-07-02T02:35:39Z,1846
2026-07-02T06:33:54Z,1848
2026-07-02T09:54:52Z,1851
2026-07-02T12:04:41Z,1852
2026-07-02T15:08:31Z,1857
2026-07-02T17:31:32Z,1858
2026-07-02T19:13:23Z,1861
2026-07-02T20:56:44Z,1864
2026-07-02T22:04:23Z,1864
2026-07-02T23:58:11Z,1868
2026-07-03T03:21:15Z,1873
2026-07-03T06:55:22Z,1877
2026-07-03T09:52:19Z,1878
2026-07-03T12:03:10Z,1878
2026-07-03T15:03:42Z,1882
2026-07-03T17:16:15Z,1884
2026-07-03T19:06:23Z,1885
2026-07-03T20:55:41Z,1886
2026-07-03T22:00:53Z,1890
2026-07-03T23:57:40Z,1891
2026-07-04T02:52:40Z,1898
2026-07-04T06:12:55Z,1899
2026-07-04T09:15:50Z,1903
2026-07-04T11:19:50Z,1905
2026-07-04T13:06:12Z,1907
2026-07-04T14:59:29Z,1914
2026-07-04T16:06:52Z,1916
2026-07-04T17:57:49Z,1921
2026-07-04T19:13:18Z,1923
2026-07-04T20:45:56Z,1926
2026-07-04T21:51:38Z,1927
2026-07-04T22:51:09Z,1928
2026-07-04T23:55:09Z,1928
2026-07-05T02:25:14Z,1930
2026-07-05T06:33:29Z,1938
2026-07-05T09:37:09Z,1940
2026-07-05T11:24:40Z,1942
2026-07-05T13:15:06Z,1944
2026-07-05T15:07:48Z,1948
2026-07-05T16:59:31Z,1953
2026-07-05T18:07:13Z,1956
2026-07-05T20:08:05Z,1957
2026-07-05T21:54:46Z,1959
2026-07-05T22:55:41Z,1959
2026-07-06T00:00:45Z,1961
2026-07-06T05:04:11Z,1964
2026-07-06T10:00:42Z,1971
2026-07-06T14:21:47Z,1978
2026-07-06T17:36:31Z,1983
2026-07-06T19:45:32Z,1987
2026-07-06T21:22:27Z,1988
2026-07-06T22:59:46Z,1989
2026-07-07T00:13:59Z,1991
2026-07-07T04:43:59Z,1996
2026-07-07T08:16:41Z,1997
2026-07-07T11:40:15Z,1999
2026-07-07T14:12:39Z,2000
2026-07-07T17:07:27Z,2006
2026-07-07T19:44:36Z,2009
2026-07-07T21:16:52Z,2009
2026-07-07T22:53:43Z,2011
2026-07-07T23:51:41Z,2012
2026-07-08T01:58:32Z,2017
2026-07-08T05:23:15Z,2023
2026-07-08T08:12:11Z,2023
2026-07-08T10:56:35Z,2024
2026-07-08T12:18:10Z,2026
2026-07-08T15:12:10Z,2027
2026-07-08T17:21:54Z,2032
2026-07-08T19:12:05Z,2034
2026-07-08T20:58:56Z,2038
2026-07-08T22:09:40Z,2038
2026-07-09T00:02:42Z,2038
2026-07-09T11:53:53Z,2046
2026-07-09T14:37:55Z,2051
2026-07-09T17:14:29Z,2055
2026-07-09T19:26:00Z,2055
2026-07-09T21:15:27Z,2058
2026-07-09T23:04:22Z,2059
2026-07-10T02:11:06Z,2061
2026-07-10T06:36:39Z,2063
2026-07-10T10:16:45Z,2067
2026-07-10T13:06:09Z,2067
2026-07-10T16:17:32Z,2071
2026-07-10T18:17:45Z,2072
2026-07-10T20:16:20Z,2074
2026-07-10T21:54:11Z,2080
2026-07-10T22:54:01Z,2081
2026-07-10T23:52:42Z,2082
2026-07-11T01:56:34Z,2084
2026-07-11T05:10:47Z,2088
2026-07-11T07:43:10Z,2090
2026-07-11T09:20:01Z,2091
2026-07-11T10:57:34Z,2095
2026-07-11T11:51:33Z,2095
2026-07-11T13:01:04Z,2095
2026-07-11T14:45:18Z,2098
2026-07-11T15:47:01Z,2101
2026-07-11T16:45:55Z,2104
2026-07-11T17:47:58Z,2104
2026-07-11T18:49:54Z,2105
2026-07-11T20:00:44Z,2106
2026-07-11T21:41:28Z,2108
2026-07-11T22:39:47Z,2110
2026-07-11T23:46:20Z,2111
2026-07-12T02:00:08Z,2115
2026-07-12T05:49:08Z,2118
2026-07-12T08:04:08Z,2119
2026-07-12T10:20:02Z,2120
2026-07-12T11:52:19Z,2121
2026-07-12T13:01:46Z,2121
2026-07-12T14:48:40Z,2126
2026-07-12T15:52:38Z,2127
2026-07-12T16:50:52Z,2128
2026-07-12T17:53:28Z,2131
2026-07-12T20:03:12Z,2134
2026-07-12T21:41:22Z,2135
2026-07-12T22:39:20Z,2135
2026-07-12T23:44:32Z,2137
2026-07-13T02:02:02Z,2140
2026-07-13T06:07:03Z,2145
2026-07-13T10:17:30Z,2151
2026-07-13T13:13:21Z,2152
2026-07-13T16:23:09Z,2155
2026-07-13T18:27:09Z,2156
2026-07-13T20:07:29Z,2158
2026-07-13T21:48:44Z,2159
2026-07-13T22:48:26Z,2161
2026-07-13T23:45:28Z,2161
2026-07-14T01:48:17Z,2163
2026-07-14T04:44:26Z,2165
2026-07-14T07:05:43Z,2166
2026-07-14T09:49:34Z,2167
2026-07-14T11:19:53Z,2169
2026-07-14T13:15:27Z,2169
2026-07-14T15:18:26Z,2170
2026-07-14T17:06:05Z,2171
2026-07-14T19:06:58Z,2175
2026-07-14T20:52:21Z,2178
2026-07-14T21:51:06Z,2179
2026-07-14T22:50:44Z,2179
2026-07-14T23:44:15Z,2181
2026-07-15T01:44:28Z,2183
2026-07-15T04:44:13Z,2184
2026-07-15T07:08:37Z,2185
2026-07-15T09:53:55Z,2188
2026-07-15T11:23:45Z,2188
2026-07-15T13:19:18Z,2191
2026-07-15T15:20:28Z,2194
2026-07-15T17:08:41Z,2196
2026-07-15T18:58:48Z,2197
2026-07-15T20:11:37Z,2197
2026-07-15T21:51:48Z,2199
2026-07-15T22:52:07Z,2200
2026-07-15T23:52:44Z,2203
2026-07-16T01:54:45Z,2206
2026-07-16T04:54:29Z,2209
2026-07-16T07:19:03Z,2210
2026-07-16T10:00:04Z,2212
2026-07-16T11:44:54Z,2215
2026-07-16T13:26:07Z,2217
2026-07-16T15:28:00Z,2219
2026-07-16T17:06:40Z,2223
2026-07-16T18:59:26Z,2224
2026-07-16T20:04:25Z,2225
2026-07-16T21:57:58Z,2226
2026-07-16T22:56:36Z,2227
2026-07-16T23:56:09Z,2228
2026-07-17T02:11:33Z,2231
2026-07-17T05:33:56Z,2231
2026-07-17T07:55:55Z,2233
2026-07-17T09:51:54Z,2233
2026-07-17T11:16:42Z,2234
2026-07-17T13:10:55Z,2234
2026-07-17T15:07:41Z,2236
2026-07-17T17:03:43Z,2238
2026-07-17T18:56:40Z,2239
2026-07-17T20:03:29Z,2239
2026-07-17T21:43:15Z,2239
2026-07-17T22:41:02Z,2240
2026-07-17T23:44:23Z,2240
2026-07-18T01:48:18Z,2241
2026-07-18T04:42:29Z,2242
2026-07-18T06:55:22Z,2243
2026-07-18T08:45:07Z,2245
2026-07-18T10:12:23Z,2246
2026-07-18T11:47:07Z,2247
2026-07-18T12:57:02Z,2247
2026-07-18T14:19:00Z,2249
2026-07-18T15:47:41Z,2250
2026-07-18T16:47:40Z,2251
2026-07-18T17:50:20Z,2253
2026-07-18T18:52:13Z,2256
2026-07-18T20:01:30Z,2258
2026-07-18T21:42:17Z,2258
2026-07-18T22:40:53Z,2260
2026-07-18T23:44:32Z,2260
2026-07-19T01:57:40Z,2261
2026-07-19T05:21:49Z,2261
2026-07-19T08:03:14Z,2263
2026-07-19T10:20:26Z,2263
2026-07-19T11:50:14Z,2263
2026-07-19T12:59:37Z,2266
2026-07-19T14:24:36Z,2268
2026-07-19T15:50:24Z,2269
2026-07-19T16:49:01Z,2271
2026-07-19T17:52:09Z,2271
2026-07-19T18:54:52Z,2272
2026-07-19T20:04:07Z,2275
2026-07-19T21:43:18Z,2276
2026-07-19T22:42:56Z,2277
2026-07-19T23:50:59Z,2277
2026-07-20T02:13:51Z,2278
2026-07-20T06:08:48Z,2281
2026-07-20T09:52:00Z,2283
2026-07-20T12:10:48Z,2284
2026-07-20T15:04:07Z,2285
2026-07-20T17:27:45Z,2289
2026-07-20T19:28:26Z,2295
2026-07-20T21:03:41Z,2296
2026-07-20T22:51:26Z,2296
2026-07-20T23:50:36Z,2297
2026-07-21T01:57:07Z,2301
2026-07-21T05:19:08Z,2301
2026-07-21T08:12:02Z,2302
2026-07-21T10:59:39Z,2305
2026-07-21T12:25:13Z,2306
2026-07-21T14:58:38Z,2309
2026-07-21T16:24:07Z,2309
2026-07-21T18:11:52Z,2310
2026-07-21T20:15:40Z,2312
2026-07-21T21:58:28Z,2312
2026-07-21T22:58:36Z,2315
2026-07-21T23:56:25Z,2316
2026-07-22T02:13:39Z,2317
2026-07-22T05:41:03Z,2320
2026-07-22T08:12:08Z,2323
2026-07-22T11:00:24Z,2323
2026-07-22T13:25:42Z,2325
2026-07-22T15:26:30Z,2326
2026-07-22T17:08:42Z,2327
2026-07-22T19:00:26Z,2328
2026-07-22T20:57:02Z,2331
2026-07-22T22:02:07Z,2333
2026-07-22T23:55:41Z,2333
2026-07-23T02:10:12Z,2335
2026-07-23T05:46:07Z,2337
2026-07-23T08:15:40Z,2340
2026-07-23T11:02:38Z,2343
2026-07-23T13:29:27Z,2344
2026-07-23T15:49:17Z,2346
2026-07-23T17:11:39Z,2350
2026-07-23T19:02:45Z,2354
2026-07-23T20:53:35Z,2355
2026-07-23T21:59:02Z,2355
2026-07-23T22:59:06Z,2356
2026-07-24T00:03:45Z,2356
2026-07-24T04:08:59Z,2359
2026-07-24T07:26:28Z,2360
2026-07-24T10:09:33Z,2361
2026-07-24T12:14:40Z,2363
2026-07-24T14:47:35Z,2364
2026-07-24T16:35:05Z,2367
2026-07-24T18:12:50Z,2371
2026-07-24T20:13:16Z,2376
2026-07-24T21:58:01Z,2377
2026-07-24T23:01:28Z,2379
2026-07-25T01:58:26Z,2380
2026-07-25T05:16:07Z,2382
2026-07-25T07:53:32Z,2382
2026-07-25T09:38:38Z,2383
2026-07-25T11:03:03Z,2383
2026-07-25T13:06:15Z,2383
2026-07-25T14:56:16Z,2384
2026-07-25T16:01:53Z,2388
2026-07-25T17:52:45Z,2394
2026-07-25T18:56:03Z,2394
2026-07-25T20:08:43Z,2394
2026-07-25T21:45:35Z,2395
2026-07-25T22:45:30Z,2395
2026-07-25T23:53:29Z,2397
2026-07-26T02:02:38Z,2398
2026-07-26T05:52:37Z,2400
2026-07-26T08:12:06Z,2403
2026-07-26T10:37:42Z,2404
2026-07-26T11:56:35Z,2406
2026-07-26T13:12:49Z,2406
2026-07-26T14:57:43Z,2408
2026-07-26T16:00:30Z,2410
2026-07-26T17:56:27Z,2411
2026-07-26T19:04:26Z,2412
2026-07-26T20:48:24Z,2415
2026-07-26T21:52:15Z,2418
2026-07-26T22:53:04Z,2418
2026-07-26T23:53:39Z,2421
2026-07-27T02:10:16Z,2424
2026-07-27T06:20:36Z,2425
2026-07-27T10:34:16Z,2428
2026-07-27T13:33:46Z,2430
2026-07-27T16:09:47Z,2432
2026-07-27T18:19:19Z,2436
2026-07-27T20:15:33Z,2439
2026-07-27T21:58:29Z,2443
2026-07-27T23:02:42Z,2446
2026-07-28T01:51:23Z,2450
2026-07-28T04:57:34Z,2451
2026-07-28T07:36:49Z,2453
2026-07-28T10:27:18Z,2458
2026-07-28T12:49:14Z,2459
2026-07-28T15:13:39Z,2462
2026-07-28T17:20:42Z,2465
2026-07-28T19:11:55Z,2467
2026-07-28T21:01:03Z,2469
2026-07-28T22:52:56Z,2472
2026-07-28T23:53:33Z,2472
2026-07-29T01:53:50Z,2473
2026-07-29T05:14:54Z,2473
2026-07-29T08:25:45Z,2475
2026-07-29T11:16:04Z,2477
2026-07-29T13:51:02Z,2483
2026-07-29T15:45:57Z,2485
2026-07-29T17:06:49Z,2488
2026-07-29T19:01:21Z,2488
2026-07-29T20:44:21Z,2489
2026-07-29T21:52:36Z,2492
2026-07-29T22:53:40Z,2494
2026-07-29T23:55:15Z,2494
2026-07-30T01:47:48Z,2496
2026-07-30T04:51:38Z,2498
2026-07-30T07:29:44Z,2498
2026-07-30T10:16:03Z,2499
2026-07-30T12:25:05Z,2503
2026-07-30T15:05:16Z,2507
2026-07-30T17:17:40Z,2507
2026-07-30T19:13:29Z,2508
2026-07-30T20:58:49Z,2509
2026-07-30T22:07:55Z,2512
2026-07-30T23:56:06Z,2515
2026-07-31T02:22:29Z,2517
2026-07-31T05:58:12Z,2518
2026-07-31T08:50:34Z,2519
2026-07-31T11:23:29Z,2520
2026-07-31T13:46:04Z,2520
2026-07-31T15:56:56Z,2523
2026-07-31T17:26:23Z,2523
2026-07-31T19:12:07Z,2525
2026-07-31T20:56:30Z,2526
2026-07-31T22:00:43Z,2526
2026-07-31T23:54:47Z,2526
2026-08-01T02:05:11Z,2528
2026-08-01T05:47:36Z,2533
2026-08-01T08:07:28Z,2536
2026-08-01T10:28:16Z,2538
2026-08-01T11:57:07Z,2539
2026-08-01T13:14:34Z,2539
2026-08-01T14:53:39Z,2539
2026-08-01T15:54:46Z,2541
2026-08-01T16:52:23Z,2542
2026-08-01T17:54:52Z,2546
2026-08-01T18:57:46Z,2546
2026-08-01T20:08:59Z,2547
2026-08-01T21:46:20Z,2550
2026-08-01T22:46:21Z,2554
2026-08-01T23:50:44Z,2554
2026-08-02T02:01:38Z,2555
2026-08-02T05:48:32Z,2560
2026-08-02T08:09:12Z,2563
2026-08-02T10:27:39Z,2564
2026-08-02T11:55:53Z,2565
2026-08-02T13:07:57Z,2565
2026-08-02T14:55:31Z,2566
2026-08-02T15:56:05Z,2567
2026-08-02T16:53:29Z,2567
2026-08-02T17:55:18Z,2568
2026-08-02T18:59:01Z,2568
2026-08-02T20:11:13Z,2569
2026-08-02T21:47:23Z,2569
2026-08-02T22:47:28Z,2571
2026-08-02T23:51:57Z,2574
2026-08-03T02:03:57Z,2576
2026-08-03T06:12:28Z,2576
2026-08-03T10:34:32Z,2582
2026-08-03T13:34:14Z,2585
2026-08-03T16:15:43Z,2586
2026-08-03T18:44:06Z,2591
2026-08-03T20:21:10Z,2592
2026-08-03T22:00:15Z,2593
2026-08-04T00:01:17Z,2593
2026-08-04T03:58:48Z,2597
2026-08-04T06:29:21Z,2599
2026-08-04T09:34:41Z,2604
2026-08-04T11:58:01Z,2605
2026-08-04T14:11:37Z,2607
2026-08-04T16:47:10Z,2608
2026-08-04T18:23:16Z,2609
2026-08-04T20:19:16Z,2609
2026-08-04T22:05:08Z,2610
2026-08-04T23:57:10Z,2613
2026-08-05T02:21:45Z,2615
2026-08-05T05:38:45Z,2617
2026-08-05T08:22:57Z,2619
2026-08-05T11:13:19Z,2620
2026-08-05T13:48:39Z,2621
2026-08-05T15:55:59Z,2624
2026-08-05T17:24:32Z,2624
2026-08-05T19:18:24Z,2628
2026-08-05T20:59:25Z,2630
2026-08-05T22:14:21Z,2631
2026-08-05T23:52:33Z,2634
2026-08-06T01:51:54Z,2637
2026-08-06T04:59:42Z,2637
2026-08-06T07:42:46Z,2639
2026-08-06T10:31:31Z,2640
2026-08-06T12:52:12Z,2644
2026-08-06T15:08:23Z,2646
2026-08-06T23:51:56Z,2652
2026-08-07T02:13:59Z,2653
2026-08-07T04:49:19Z,2653
2026-08-07T06:05:53Z,2653
2026-08-07T08:08:38Z,2653
2026-08-07T09:53:14Z,2654
2026-08-07T10:43:59Z,2656
2026-08-07T11:39:37Z,2657
2026-08-07T12:44:00Z,2657
2026-08-07T14:06:40Z,2659
2026-08-07T15:47:05Z,2661
2026-08-07T16:43:48Z,2661
2026-08-07T17:41:48Z,2661
2026-08-07T18:42:39Z,2662
2026-08-07T19:45:52Z,2663
2026-08-07T20:31:58Z,2663
2026-08-07T21:30:58Z,2664
2026-08-07T22:26:40Z,2664
2026-08-07T23:26:33Z,2665
2026-08-08T01:02:26Z,2665
2026-08-08T03:17:52Z,2666
2026-08-08T04:47:53Z,2667
2026-08-08T05:36:52Z,2667
2026-08-08T06:37:41Z,2670
2026-08-08T07:41:58Z,2670
2026-08-08T08:30:43Z,2670
2026-08-08T09:29:25Z,2671
2026-08-08T10:23:12Z,2674
2026-08-08T11:21:12Z,2675
2026-08-08T12:31:19Z,2679
2026-08-08T13:39:02Z,2682
2026-08-08T14:24:03Z,2683
2026-08-08T15:21:29Z,2686
2026-08-08T16:23:06Z,2687
2026-08-08T17:22:07Z,2688
2026-08-08T18:25:17Z,2688
2026-08-08T19:22:38Z,2688
2026-08-08T20:19:29Z,2691
2026-08-08T21:22:08Z,2693
2026-08-08T22:20:01Z,2695
2026-08-08T23:20:03Z,2695
2026-08-09T01:06:25Z,2697
2026-08-09T03:26:14Z,2697
2026-08-09T04:56:59Z,2697
2026-08-09T05:44:19Z,2697
2026-08-09T06:41:21Z,2697
2026-08-09T07:46:47Z,2698
2026-08-09T08:32:44Z,2699
2026-08-09T09:31:36Z,2700
2026-08-09T10:24:36Z,2700
2026-08-09T11:21:57Z,2700
2026-08-09T12:34:14Z,2701
2026-08-09T13:42:30Z,2701
2026-08-09T14:26:31Z,2704
2026-08-09T15:22:54Z,2706
2026-08-09T16:24:51Z,2707
2026-08-09T17:23:14Z,2707
2026-08-09T18:28:07Z,2708
2026-08-09T19:26:09Z,2708
2026-08-09T20:22:26Z,2709
2026-08-09T21:23:32Z,2712
2026-08-09T22:21:21Z,2714
2026-08-09T23:22:46Z,2715
2026-08-10T01:07:57Z,2719
2026-08-10T03:45:56Z,2720
2026-08-10T05:18:31Z,2720
2026-08-10T07:15:40Z,2724
2026-08-10T09:09:49Z,2725
2026-08-10T11:00:21Z,2726
2026-08-10T12:51:14Z,2726
2026-08-10T14:15:47Z,2730
2026-08-10T15:52:26Z,2731
2026-08-10T16:44:38Z,2732
2026-08-10T17:44:25Z,2737
2026-08-10T18:44:31Z,2737
2026-08-10T19:49:13Z,2737
2026-08-10T20:33:02Z,2738
2026-08-10T21:33:45Z,2739
2026-08-10T22:28:26Z,2742
2026-08-10T23:26:55Z,2742
2026-08-11T01:07:14Z,2746
2026-08-11T03:28:55Z,2749
2026-08-11T04:59:35Z,2750
2026-08-11T05:55:17Z,2750
2026-08-11T06:53:34Z,2751
2026-08-11T08:05:24Z,2752
2026-08-11T09:53:09Z,2753
2026-08-11T10:43:00Z,2753
2026-08-11T11:38:26Z,2753
2026-08-11T12:44:59Z,2754
2026-08-11T14:13:53Z,2755
2026-08-11T15:53:06Z,2759
2026-08-11T16:50:15Z,2764
2026-08-11T17:51:31Z,2764
2026-08-11T18:51:11Z,2765
2026-08-11T19:56:15Z,2765
2026-08-11T20:37:26Z,2766
2026-08-11T21:37:27Z,2768
2026-08-11T22:33:31Z,2769
2026-08-11T23:31:52Z,2770
2026-08-12T01:14:50Z,2773
2026-08-12T03:58:28Z,2774
2026-08-12T05:37:53Z,2774
